"Authors","Author full names","Author(s) ID","Title","Year","Source title","Volume","Issue","Art. No.","Page start","Page end","Page count","Cited by","DOI","Link","Document Type","Publication Stage","Open Access","Source","EID"
"Araújo P.H.M.; Maia A.S.; Cordeiro A.M.T.M.; Gondim A.D.; Santos N.A.","Araújo, Pedro H. M. (57211204059); Maia, Ary S. (36961374900); Cordeiro, Angela M. T. M. (54408226900); Gondim, Amanda D. (6507576352); Santos, Nataly A. (16040194800)","57211204059; 36961374900; 54408226900; 6507576352; 16040194800","Catalytic Deoxygenation of the Oil and Biodiesel of Licuri (Syagrus coronata) to Obtain n-Alkanes with Chains in the Range of Biojet Fuels","2019","ACS Omega","4","14","","15849","15855","6","28","10.1021/acsomega.9b01737","https://www.scopus.com/inward/record.uri?eid=2-s2.0-85072980172&doi=10.1021%2facsomega.9b01737&partnerID=40&md5=96cf1e9889113dbd716fc9458fecfc63","Article","Final","All Open Access; Gold Open Access","Scopus","2-s2.0-85072980172"
"Denis Mendonca Oliveira F.; Soares Semente R.; Doolan Fernandes J.; Augusto Correia Melo T.; Ortiz Salazar A.","Denis Mendonca Oliveira, Felipe (56644868500); Soares Semente, Rodrigo (56105065700); Doolan Fernandes, Jefferson (56785091400); Augusto Correia Melo, Talison (59159806400); Ortiz Salazar, Andres (7102422753)","56644868500; 56105065700; 56785091400; 59159806400; 7102422753","SEREE: An energy-efficient wireless sensor network embedded system to be applied on plunger lift oil elevation method","2015","IEEE Latin America Transactions","13","4","7106374","1187","1197","10","3","10.1109/TLA.2015.7106374","https://www.scopus.com/inward/record.uri?eid=2-s2.0-84929378501&doi=10.1109%2fTLA.2015.7106374&partnerID=40&md5=068c5aed22ddf4e2fe83ff3e42826752","Article","Final","","Scopus","2-s2.0-84929378501"
"Rocha J.H.B.; Gomes M.M.S.; Fernandes N.S.; Da Silva D.R.; Martínez-Huitle C.A.","Rocha, Jéssica H. Bezerra (37108365800); Gomes, Maésia M. Soares (54894207600); Fernandes, Nedja Suely (7005615286); Da Silva, Djalma Ribeiro (8342072100); Martínez-Huitle, Carlos A. (6507655813)","37108365800; 54894207600; 7005615286; 8342072100; 6507655813","Application of electrochemical oxidation as alternative treatment of produced water generated by Brazilian petrochemical industry","2012","Fuel Processing Technology","96","","","80","87","7","117","10.1016/j.fuproc.2011.12.011","https://www.scopus.com/inward/record.uri?eid=2-s2.0-84855768388&doi=10.1016%2fj.fuproc.2011.12.011&partnerID=40&md5=5d69ab5c4e983c49e5f75cc0d359f579","Article","Final","","Scopus","2-s2.0-84855768388"
"Neira D.S.M.; Marinho G.S.; Ramos R.R.F.","Neira, Dorivalda Santos Medeiros (35190863600); Marinho, George Santos (35345312200); Ramos, Rogerson Rodrigues Freire (57213460996)","35190863600; 35345312200; 57213460996","Eco-friendly thermal insulation material made with cellulosic fiber and rigid polyurethane castor oil foam","2009","ECOS 2009 - 22nd International Conference on Efficiency, Cost, Optimization, Simulation and Environmental Impact of Energy Systems","","","","281","288","7","0","","https://www.scopus.com/inward/record.uri?eid=2-s2.0-84925128067&partnerID=40&md5=10bd9907c48b8e79eff908f293b609c7","Conference paper","Final","","Scopus","2-s2.0-84925128067"
"Salgado C.C.R.; Colombo C.R.","Salgado, Camila Cristina Rodrigues (56318991000); Colombo, Ciliana Regina (56727656200)","56318991000; 56727656200","Environmental management system in Verdegreen Hotel - João Pessoa/PB: A case study under the perspective of resource-based view; [Sistema de gestão ambiental no verdegreen hotel - João Pessoa/PB: Um estudo de caso sob a perspectiva da resource-based view]","2015","Revista de Administracao Mackenzie","16","5","","195","225","30","3","10.1590/1678-69712015/administracao.v16n5p195-225","https://www.scopus.com/inward/record.uri?eid=2-s2.0-85056455867&doi=10.1590%2f1678-69712015%2fadministracao.v16n5p195-225&partnerID=40&md5=87ad5074670a650fb4e6f3a931742f67","Review","Final","All Open Access; Gold Open Access","Scopus","2-s2.0-85056455867"
"Flores M.G.; Medeiros A.C.L.V.; Peixinho B.C.; Nepomuceno M.M.; Do Nascimento E.F.; Gurgel A.D.M.; Dos Santos M.O.S.; Gurgel I.G.D.","Flores, Mariana Gurbindo (59207386800); Medeiros, Ana Catarina Leite Véras (35724006200); Peixinho, Bianca Cardoso (57373132600); Nepomuceno, Mariana Maciel (59207748000); Do Nascimento, Elaine Ferreira (13605130400); Gurgel, Aline Do Monte (57147457000); Dos Santos, Mariana Olívia Santana (55941294300); Gurgel, Idê Gomes Dantas (6505721592)","59207386800; 35724006200; 57373132600; 59207748000; 13605130400; 57147457000; 55941294300; 6505721592","The protective and destructive critical processes of female labor in small-scale fishing in coast Pernambuco, Brazil; [Processos críticos protetores e destrutivos no trabalho 1 das pescadoras artesanais do litoral Pernambucano, Brasil]","2024","Ciencia e Saude Coletiva","29","7","e03612024","","","","0","10.1590/1413-81232024297.03612024EN","https://www.scopus.com/inward/record.uri?eid=2-s2.0-85197680115&doi=10.1590%2f1413-81232024297.03612024EN&partnerID=40&md5=262fe91370f65a4af89983d7627be469","Article","Final","","Scopus","2-s2.0-85197680115"
"da Silva J.C.M.; Filho L.A.S.","da Silva, Júlio Cesar Martins (57194832173); Filho, Luís Abel da Silva (57188633775)","57194832173; 57188633775","Overview of industry in Brazilian macroregions: Analysis from regional measures and location; [Panorama da indústria nas macrorregiões Brasileiras: Análise a partir de medidas regionais e de localização]","2017","Revista Portuguesa de Estudos Regionais","45","1","","27","47","20","0","","https://www.scopus.com/inward/record.uri?eid=2-s2.0-85023198215&partnerID=40&md5=13b4ee45e3eb60bbe44e4bd51c854dcc","Article","Final","","Scopus","2-s2.0-85023198215"
"Hindi E.C.; Rosa Filho E.F.; Mantovani L.E.; Lucena L.R.F.","Hindi, E.C. (6602618513); Rosa Filho, E.F. (55950906400); Mantovani, L.E. (7006357533); Lucena, L.R.F. (55670896500)","6602618513; 55950906400; 7006357533; 55670896500","Attributes proposal for a exploitation of natural springs in the karst aquifer of Curitiba-PR, Brazil; [Proposição de atributos para o aproveitamento de fontes naturais do aqüífero cárstico de Curitiba-PR, Brasil]","2013","Comunicacoes Geologicas","100","1","","67","71","4","2","","https://www.scopus.com/inward/record.uri?eid=2-s2.0-84884362560&partnerID=40&md5=26a0211114356b77e3a77a5e3ab250ae","Article","Final","","Scopus","2-s2.0-84884362560"
"Prudêncio M.D.C.; Amaro V.E.; Scudelari A.C.","Prudêncio, Mattheus Da Cunha (57198776651); Amaro, Venerando Eustáquio (6506521492); Scudelari, Ada Cristina (55025353500)","57198776651; 6506521492; 55025353500","Coastal evolution analysis between the years 1984 and 2014 on a stretch of rio grande do norte eastern coast, northeast Brazil; [Análise da Evolução Costeira entre os Anos de 1984 e 2014 de Trecho do Litoral Oriental do Rio Grande do Norte, Nordeste do Brasil]","2019","Anuario do Instituto de Geociencias","42","4","","189","205","16","5","10.11137/2019_4_189_205","https://www.scopus.com/inward/record.uri?eid=2-s2.0-85077058359&doi=10.11137%2f2019_4_189_205&partnerID=40&md5=d52c36c7410b6500482bffe202bc95bf","Article","Final","All Open Access; Gold Open Access; Green Open Access","Scopus","2-s2.0-85077058359"
"Neto M.L.Q.; Amorim E.F.; De França F.A.N.; Medeiros M.K.S.","Neto, Manoel Lindolfo Queiroz (57219873516); Amorim, Enio Fernandes (55606117300); De França, Fagner Alexandre Nunes (57214538642); Medeiros, Milany Karcia Santos (57219869396)","57219873516; 55606117300; 57214538642; 57219869396","Evaluation of an experimental hot asphalt concrete urban paving section using construction and works demolition waste (CDW) as a coating layer; [Avaliação de um trecho experimental de pavimentação urbana em concreto asfáltico à quente com resíduos de construção e demolição de obras (RCD) como camada de revestimento]","2020","Revista de Gestao Ambiental e Sustentabilidade","9","1","e16108","","","","1","10.5585/GEAS.V9I1.16108","https://www.scopus.com/inward/record.uri?eid=2-s2.0-85095850354&doi=10.5585%2fGEAS.V9I1.16108&partnerID=40&md5=982ae2da92ad7e9cb4f1c527f087d7b4","Article","Final","All Open Access; Gold Open Access","Scopus","2-s2.0-85095850354"
"Monteiro M.K.S.; De Oliveira V.R.L.; Dos Santos F.K.G.; De Lima Leite R.H.; Aroucha E.M.M.; Da Silva R.R.; De Oliveira Silva K.N.","Monteiro, Mayra Kerolly Sales (23566839800); De Oliveira, Victor Rafael Leal (56375570800); Dos Santos, Francisco Klebson Gomes (56230006500); De Lima Leite, Ricardo Henrique (56229352900); Aroucha, Edna Maria Mendes (12786335500); Da Silva, Rayane Ricardo (57213606296); De Oliveira Silva, Karyn Nathallye (57201749000)","23566839800; 56375570800; 56230006500; 56229352900; 12786335500; 57213606296; 57201749000","Analysis of water barrier, mechanical and thermal properties of nanocoposites based on cassava starch and natural clay or modified by anionic exchange","2017","Materials Research","20","","","69","76","7","10","10.1590/1980-5373-mr-2016-1087","https://www.scopus.com/inward/record.uri?eid=2-s2.0-85046029273&doi=10.1590%2f1980-5373-mr-2016-1087&partnerID=40&md5=0a75b2ce1c01eaad365c441099cc9696","Conference paper","Final","All Open Access; Gold Open Access","Scopus","2-s2.0-85046029273"
"Campos L.R.S.; Oliveira R.D.; Melo J.D.; Neto A.D.D.","Campos, Leonardo R. S. (55336220800); Oliveira, Rodrigo D. (55488844300); Melo, Jorge D. (55664205300); Neto, Adrião D. Dória (7102618949)","55336220800; 55488844300; 55664205300; 7102618949","Overhead-controlled routing in WSNs with reinforcement learning","2012","Lecture Notes in Computer Science (including subseries Lecture Notes in Artificial Intelligence and Lecture Notes in Bioinformatics)","7435 LNCS","","","622","629","7","2","10.1007/978-3-642-32639-4_75","https://www.scopus.com/inward/record.uri?eid=2-s2.0-84864992701&doi=10.1007%2f978-3-642-32639-4_75&partnerID=40&md5=20851d11b3ceeb78ad3ab9c08f5db3bb","Conference paper","Final","","Scopus","2-s2.0-84864992701"
"Cabral C.P.; Melo H.N.S.","Cabral, Clovis P. (15764747100); Melo, Henio N. S. (8699629100)","15764747100; 8699629100","Dry sugar cane (Saccharum officinarum) molasses for feeding broilers in different growth phases; [Miel Final de caña de azúcar (Saccharum officinarum) en la alimentación de pollos de ceba en diferentes fases de desarrollo]","2006","Informacion Tecnologica","17","6","","","","","1","","https://www.scopus.com/inward/record.uri?eid=2-s2.0-33846258833&partnerID=40&md5=2ed5a86efb33ed252f6f5bcb59b74105","Article","Final","","Scopus","2-s2.0-33846258833"
"Araújo W.J.; Oliveira J.S.; Araújo S.C.S.; Minnicelli C.F.; Silva-Portela R.C.B.; da Fonseca M.M.B.; Freitas J.F.; Silva-Barbalho K.K.; Napp A.P.; Pereira J.E.S.; Peralba M.C.R.; Passaglia L.M.P.; Vainstein M.H.; Agnez-Lima L.F.","Araújo, W.J. (56888514800); Oliveira, J.S. (57215335232); Araújo, S.C.S. (58333389900); Minnicelli, C.F. (36245468900); Silva-Portela, R.C.B. (57078975300); da Fonseca, M.M.B. (57204001433); Freitas, J.F. (57220486817); Silva-Barbalho, K.K. (57218643454); Napp, A.P. (57198450794); Pereira, J.E.S. (55978286600); Peralba, M.C.R. (6507040606); Passaglia, L.M.P. (6603181133); Vainstein, M.H. (6701864334); Agnez-Lima, L.F. (6602865106)","56888514800; 57215335232; 58333389900; 36245468900; 57078975300; 57204001433; 57220486817; 57218643454; 57198450794; 55978286600; 6507040606; 6603181133; 6701864334; 6602865106","Microbial Culture in Minimal Medium With Oil Favors Enrichment of Biosurfactant Producing Genes","2020","Frontiers in Bioengineering and Biotechnology","8","","962","","","","12","10.3389/fbioe.2020.00962","https://www.scopus.com/inward/record.uri?eid=2-s2.0-85089875369&doi=10.3389%2ffbioe.2020.00962&partnerID=40&md5=78e00d5041cd8e6e05043dd7f51d6808","Article","Final","All Open Access; Gold Open Access","Scopus","2-s2.0-85089875369"
"Gama G.S.P.; Pimenta A.S.; Feijó F.M.C.; Azevedo T.K.B.D.; Melo R.R.D.; Andrade G.S.D.","Gama, Gil Sander Próspero (57217335119); Pimenta, Alexandre Santos (56228389300); Feijó, Francisco Marlon Carneiro (25027394000); Azevedo, Tatiane Kelly Barbosa de (36600290300); Melo, Rafael Rodolfo de (17345066800); Andrade, Gabriel Siqueira de (58092347600)","57217335119; 56228389300; 25027394000; 36600290300; 17345066800; 58092347600","The Potential of Wood Vinegar to Replace Antimicrobials Used in Animal Husbandry—A Review","2024","Animals","14","3","381","","","","0","10.3390/ani14030381","https://www.scopus.com/inward/record.uri?eid=2-s2.0-85184672748&doi=10.3390%2fani14030381&partnerID=40&md5=61485d3dc57b02e6e57162ad692aa329","Review","Final","All Open Access; Gold Open Access","Scopus","2-s2.0-85184672748"
"Sanz-Pérez E.S.; Dantas T.C.M.; Arencibia A.; Calleja G.; Guedes A.P.M.A.; Araujo A.S.; Sanz R.","Sanz-Pérez, E.S. (35312162400); Dantas, T.C.M. (56583950700); Arencibia, A. (7003683635); Calleja, G. (7003604561); Guedes, A.P.M.A. (57190218442); Araujo, A.S. (7202091952); Sanz, R. (57212239123)","35312162400; 56583950700; 7003683635; 7003604561; 57190218442; 7202091952; 57212239123","Reuse and recycling of amine-functionalized silica materials for CO2 adsorption","2017","Chemical Engineering Journal","308","","","1021","1033","12","85","10.1016/j.cej.2016.09.109","https://www.scopus.com/inward/record.uri?eid=2-s2.0-84992047551&doi=10.1016%2fj.cej.2016.09.109&partnerID=40&md5=7cce1420dde2ec7cf636b3868c44fad9","Article","Final","","Scopus","2-s2.0-84992047551"
"de Oliveira F.D.M.; Semente R.S.; Fernandes J.D.; do Nascimento Júnior S.; de Melo T.A.C.; Salazar A.O.","de Oliveira, Felipe Denis Mendonça (56105199700); Semente, Rodrigo Soares (56105065700); Fernandes, Jefferson Doolan (56785091400); do Nascimento Júnior, Serafim (56786369100); de Melo, Tálison Augusto Correira (56785717700); Salazar, Andrés Ortiz (7102422753)","56105199700; 56105065700; 56785091400; 56786369100; 56785717700; 7102422753","EEWES: An energy-efficient wireless sensor network embedded system to be applied on industrial environments; [EEWES: Un sistema integrado para red de sensores inalámbricos con eficiencia de energía aplicado en entornos industriales]","2015","Ingenieria e Investigacion","35","2","","67","73","6","4","10.15446/ing.investig.v35n2.45289","https://www.scopus.com/inward/record.uri?eid=2-s2.0-84939486025&doi=10.15446%2fing.investig.v35n2.45289&partnerID=40&md5=575e29d788cdf0d646a2eaa1b083bf76","Article","Final","All Open Access; Gold Open Access","Scopus","2-s2.0-84939486025"
"Colombo C.; Alves A.; Moreira F.; Van Hattum-Janssen N.","Colombo, Ciliana (56727656200); Alves, Anabela (55486406700); Moreira, Francisco (56644022900); Van Hattum-Janssen, Natascha (56139499700)","56727656200; 55486406700; 56644022900; 56139499700","A study on impact of the UN Decade of Education for Sustainable Development on Industrial Engineering Education","2015","Direccion y Organizacion","56","","","4","9","5","11","","https://www.scopus.com/inward/record.uri?eid=2-s2.0-84937433277&partnerID=40&md5=d3e63f3ce1529a9c7576104eabc4fda1","Article","Final","","Scopus","2-s2.0-84937433277"
"da Costa G.B.; de Fernandes D.D.S.; Véras G.; Diniz P.H.G.D.; Gondim A.D.","da Costa, Gean Bezerra (55193028500); de Fernandes, David Douglas Sousa (58572747600); Véras, Germano (6602560792); Diniz, Paulo Henrique Gonçalves Dias (56025538900); Gondim, Amanda Duarte (6507576352)","55193028500; 58572747600; 6602560792; 56025538900; 6507576352","Combining NIR spectroscopy with DD-SIMCA for authentication and iSPA-PLS-DA for discrimination of ethyl route and oil feedstocks of biodiesels in biodiesel/diesel blends","2024","JAOCS, Journal of the American Oil Chemists' Society","101","2","","187","196","9","1","10.1002/aocs.12744","https://www.scopus.com/inward/record.uri?eid=2-s2.0-85170700775&doi=10.1002%2faocs.12744&partnerID=40&md5=2e40e6669d06f65ca10df484aace3eca","Article","Final","","Scopus","2-s2.0-85170700775"
"Musser C.F.; Garcia C.O.; Goya W.A.; Sidrim M.L.; Silva D.S.; de Aguiar R.B.; de Souza Guimarães L.Q.; Modesto F.S.; Gomez G.R.","Musser, Camila Fernandes (57193609220); Garcia, Claudio Osnei (57193827731); Goya, Walter Akio (36975558100); Sidrim, Maíra Luciano (57015645500); Silva, Diego Souza (57213150803); de Aguiar, Rafael Barbosa (55523370700); de Souza Guimarães, Lis Quarantine (57193824730); Modesto, Fabiano Sousa (57193833286); Gomez, Guilherme Ramalho (57193836944)","57193609220; 57193827731; 36975558100; 57015645500; 57213150803; 55523370700; 57193824730; 57193833286; 57193836944","Socio-environmental responsibility: Case study recyclable waste workers (catadores) cooperatives serving the electrical and electronic waste sorting in Brazil; [Responsabilidade socioambiental: Estudo de caso - cooperativas de catadores atuando a triagem de resíduos eletroeletrônicos no Brasil]","2017","Espacios","38","16","4","","","","1","","https://www.scopus.com/inward/record.uri?eid=2-s2.0-85017000484&partnerID=40&md5=a4415ce9ac0ea4634cb3db184b9593da","Article","Final","","Scopus","2-s2.0-85017000484"
"Lira A.S.; Lucena-Frédou F.; Lacerda C.H.F.; Eduardo L.N.; Ferreira V.; Frédou T.; Ménard F.; Angelini R.; Le Loc'h F.","Lira, Alex Souza (57190336016); Lucena-Frédou, Flávia (54920925700); Lacerda, Carlos Henrique Figueiredo (12040356300); Eduardo, Leandro Nolé (57195218187); Ferreira, Valdimere (56481140500); Frédou, Thierry (13611061800); Ménard, Frédéric (57198512593); Angelini, Ronaldo (56249804800); Le Loc'h, François (57214815319)","57190336016; 54920925700; 12040356300; 57195218187; 56481140500; 13611061800; 57198512593; 56249804800; 57214815319","Effect of fishing effort on the trophic functioning of tropical estuaries in Brazil","2022","Estuarine, Coastal and Shelf Science","277","","108040","","","","4","10.1016/j.ecss.2022.108040","https://www.scopus.com/inward/record.uri?eid=2-s2.0-85137287089&doi=10.1016%2fj.ecss.2022.108040&partnerID=40&md5=5b4523a93a734f6ca5317a2cfd94140a","Article","Final","All Open Access; Green Open Access","Scopus","2-s2.0-85137287089"
"da Rocha M.B.; Severo A.K.S.; Félix-Silva A.V.","da Rocha, Matheus Barbosa (57214121377); Severo, Ana Kalliny de Sousa (36135968300); Félix-Silva, Antônio Vladimir (56354730700)","57214121377; 36135968300; 56354730700","""You hit the drum there, I hit the drum here"": Umbanda meeting places and their social conjunctures; [""Batuca lá, que eu batuco cá"": Os terreiros de umbanda e suas conjunturas sociais]","2019","Psicologia e Sociedade","31","","e215627","","","","0","10.1590/1807-0310/2019V31215627","https://www.scopus.com/inward/record.uri?eid=2-s2.0-85080141796&doi=10.1590%2f1807-0310%2f2019V31215627&partnerID=40&md5=e500fe818cde1930903857306749cb4c","Article","Final","All Open Access; Gold Open Access","Scopus","2-s2.0-85080141796"
"Souza F.E.S.; Ramos e Silva C.A.","Souza, Flavo E.S. (36991695900); Ramos e Silva, Carlos Augusto (12783110500)","36991695900; 12783110500","Ecological and economic valuation of the Potengi estuary mangrove wetlands (NE, Brazil) using ancillary spatial data","2011","Journal of Coastal Conservation","15","1","","195","206","11","20","10.1007/s11852-010-0133-0","https://www.scopus.com/inward/record.uri?eid=2-s2.0-79551593507&doi=10.1007%2fs11852-010-0133-0&partnerID=40&md5=04f9f5657a9545be3b74c862c5ecf46e","Article","Final","All Open Access; Hybrid Gold Open Access","Scopus","2-s2.0-79551593507"
"Nascimento C.A.O.; Teixeira A.C.S.C.; Guardani R.; Quina F.H.; Chiavone-Filho O.; Braun A.M.","Nascimento, Claudio A. O. (7005511944); Teixeira, Antonio Carlos S. C. (35581960000); Guardani, Roberto (7003518022); Quina, Frank H. (56904973700); Chiavone-Filho, Osvaldo (6601905641); Braun, André M. (7201571208)","7005511944; 35581960000; 7003518022; 56904973700; 6601905641; 7201571208","Industrial wastewater treatment by photochemical processes based on solar energy","2007","Journal of Solar Energy Engineering, Transactions of the ASME","129","1","","45","52","7","23","10.1115/1.2391015","https://www.scopus.com/inward/record.uri?eid=2-s2.0-34047227213&doi=10.1115%2f1.2391015&partnerID=40&md5=5e5398bfdc898fbbd86b13a8d81ce9ba","Article","Final","","Scopus","2-s2.0-34047227213"
"de Oliveira G.S.; Lobo C.E.S.; Padilha C.E.A.; Souza D.F.S.; Ruiz J.A.C.","de Oliveira, Giovanny S. (58107194800); Lobo, Ciro E.S. (58403905100); Padilha, Carlos E.A. (57202224296); Souza, Domingos F.S. (55312444500); Ruiz, Juan A.C. (16200237200)","58107194800; 58403905100; 57202224296; 55312444500; 16200237200","Glycerin combustion through chemical looping","2023","Fuel","352","","129038","","","","1","10.1016/j.fuel.2023.129038","https://www.scopus.com/inward/record.uri?eid=2-s2.0-85163507157&doi=10.1016%2fj.fuel.2023.129038&partnerID=40&md5=60a7b6ba5370ee8b19a2a60d92336e6d","Article","Final","","Scopus","2-s2.0-85163507157"
"Macedo R.G.M.D.A.; Marques N.D.N.; Tonholo J.; Balaban R.D.C.","Macedo, Ruza Gabriela Medeiros de Araújo (57204466928); Marques, Nívia do Nascimento (55503104600); Tonholo, Josealdo (55657542200); Balaban, Rosangela de Carvalho (23090027600)","57204466928; 55503104600; 55657542200; 23090027600","Water-soluble carboxymethylchitosan used as corrosion inhibitor for carbon steel in saline medium","2019","Carbohydrate Polymers","205","","","371","376","5","100","10.1016/j.carbpol.2018.10.081","https://www.scopus.com/inward/record.uri?eid=2-s2.0-85055724087&doi=10.1016%2fj.carbpol.2018.10.081&partnerID=40&md5=1efc3c3d27a8baad2dce13938b18738e","Article","Final","All Open Access; Hybrid Gold Open Access","Scopus","2-s2.0-85055724087"
"Leite Pacheco J.M.; Neuma de Castro Dantas T.; Salazar Aramayo J.L.; dos Santos A.","Leite Pacheco, José Marcos (57388533700); Neuma de Castro Dantas, Teresa (57260661900); Salazar Aramayo, Jesús Leodaly (55391520500); dos Santos, Adriano (23470580600)","57388533700; 57260661900; 55391520500; 23470580600","A new sustainability analysis technique for the design of oil production facilities","2022","Cleaner Engineering and Technology","6","","100370","","","","1","10.1016/j.clet.2021.100370","https://www.scopus.com/inward/record.uri?eid=2-s2.0-85121911572&doi=10.1016%2fj.clet.2021.100370&partnerID=40&md5=22e6f6288dcf1d163d34bfd4733984b6","Article","Final","All Open Access; Gold Open Access","Scopus","2-s2.0-85121911572"
"Andrade W.V.; Dantas A.L.; Lopes N.A.; Câncio Neto P.","Andrade, W.V. (57224054760); Dantas, A.L. (57224067932); Lopes, N.A. (57224061903); Câncio Neto, P. (57207798740)","57224054760; 57224067932; 57224061903; 57207798740","Risk Assessment and Control in a Small Chemical Industry in Brazil","2020","Studies in Systems, Decision and Control","277","","","217","223","6","0","10.1007/978-3-030-41486-3_24","https://www.scopus.com/inward/record.uri?eid=2-s2.0-85106835565&doi=10.1007%2f978-3-030-41486-3_24&partnerID=40&md5=24aa8cbabc7a5f6bf4da9a914ce60857","Book chapter","Final","","Scopus","2-s2.0-85106835565"
"De Medeiros Júnior J.V.; Añez M.E.M.; De Sousa Neto M.V.; De Medeiros Bezerra M.H.","De Medeiros Júnior, Josué Vitor (57201632360); Añez, Miguel Eduardo Moreno (55794931200); De Sousa Neto, Manoel Veras (55696272100); De Medeiros Bezerra, Marcelo Hugo (57221504161)","57201632360; 55794931200; 55696272100; 57221504161","Elaboration of a resource map as a support process to the development of a new business based on the internet; [Elaboração do mapa de recursos: Processo de apoio ao planejamento de um novo negócio de internet]","2015","Revista de Administracao Mackenzie","16","5","","226","256","30","0","10.1590/1678-69712015/administracao.v16n5p226-256","https://www.scopus.com/inward/record.uri?eid=2-s2.0-85099322078&doi=10.1590%2f1678-69712015%2fadministracao.v16n5p226-256&partnerID=40&md5=dedb7913a0368df63eac65c148114506","Article","Final","All Open Access; Gold Open Access","Scopus","2-s2.0-85099322078"
"Ferreira P.P.L.; Braga R.M.; Teodoro N.M.A.; Melo V.R.M.; Melo D.M.A.; Melo M.A.F.","Ferreira, P.P.L. (57111424000); Braga, R.M. (55210068400); Teodoro, N.M.A. (57112453600); Melo, V.R.M. (56041652600); Melo, D.M.A. (9841064200); Melo, M.A.F. (7102354647)","57111424000; 55210068400; 57112453600; 56041652600; 9841064200; 7102354647","Adsorption of Cu2+ and Cr3+ in waste water using bagasse fly ash; [Adsorção de Cu2+ e Cr3+ em efluentes líquidos utilizando a cinza do bagaço da cana-de-açúcar]","2015","Ceramica","61","360","","435","441","6","9","10.1590/0366-69132015613601945","https://www.scopus.com/inward/record.uri?eid=2-s2.0-84957891602&doi=10.1590%2f0366-69132015613601945&partnerID=40&md5=3a1fcd23d88bce2e4f0764bd569d18be","Article","Final","All Open Access; Gold Open Access; Green Open Access","Scopus","2-s2.0-84957891602"
"da Silva Lopes-Nunes A.L.; Nunes L.J.; da Silva M.K.A.G.; de Holanda A.C.; do Prado Costa. M.","da Silva Lopes-Nunes, Ana Luiza (57665223200); Nunes, Lucas Jean (57666814700); da Silva, Maria Kely Alves Gomes (57253973000); de Holanda, Alan Caue (36127488500); do Prado Costa., Malcon (36695791900)","57665223200; 57666814700; 57253973000; 36127488500; 36695791900","BALANCE BETWEEN BIOMASS SUPPLY AND DEMAND IN THE RED CERAMICS SECTOR OF RIO GRANDE DO NORTE, BRAZIL","2022","Floresta","52","","","284","293","9","1","10.5380/rf.v52i2.76998","https://www.scopus.com/inward/record.uri?eid=2-s2.0-85129441709&doi=10.5380%2frf.v52i2.76998&partnerID=40&md5=10e55cfcddc6460b34a84aff1c7feca9","Article","Final","All Open Access; Gold Open Access","Scopus","2-s2.0-85129441709"
"Aaen Springborg A.; Albano M.; Xavier-De-Souza S.","Aaen Springborg, Anders (58729173500); Albano, Michele (24490820900); Xavier-De-Souza, Samuel (7801645972)","58729173500; 24490820900; 7801645972","Automatic Energy-Efficient Job Scheduling in HPC: A Novel SLURM Plugin Approach","2023","ACM International Conference Proceeding Series","","","","1831","1838","7","0","10.1145/3624062.3624265","https://www.scopus.com/inward/record.uri?eid=2-s2.0-85178154649&doi=10.1145%2f3624062.3624265&partnerID=40&md5=425a0b94a4dff8aca24b326bd9ef98ae","Conference paper","Final","","Scopus","2-s2.0-85178154649"
"Gomes E.R.; Santos A.; Lima S.A.","Gomes, Eduardo R. (17345411500); Santos, Adriano (23470580600); Lima, Sidarta A. (55588484200)","17345411500; 23470580600; 55588484200","Numerical Modeling of Straining: The Role of Particle and Pore Size Distributions","2017","Transport in Porous Media","120","3","","535","551","16","9","10.1007/s11242-017-0939-4","https://www.scopus.com/inward/record.uri?eid=2-s2.0-85030840940&doi=10.1007%2fs11242-017-0939-4&partnerID=40&md5=cc6a3ef94ac3cefd5ff6d467f7f4523e","Article","Final","","Scopus","2-s2.0-85030840940"
"de Albuquerque F.B.; de Melo R.R.; Pimenta A.S.; de Oliveira Paula E.A.; Scatolino M.V.; Rusch F.","de Albuquerque, Felipe Bento (58109777100); de Melo, Rafael Rodolfo (17345066800); Pimenta, Alexandre Santos (56228389300); de Oliveira Paula, Edgley Alves (57225067723); Scatolino, Mário Vanoli (55652817200); Rusch, Fernando (57210841901)","58109777100; 17345066800; 56228389300; 57225067723; 55652817200; 57210841901","Mini-Kilns for Charcoal-Making: An Eco-Friendly Solution for Small-Scale Production of Charcoal and Wood Vinegar","2023","Inventions","8","6","146","","","","0","10.3390/inventions8060146","https://www.scopus.com/inward/record.uri?eid=2-s2.0-85180674387&doi=10.3390%2finventions8060146&partnerID=40&md5=16d09f62f367f1e39c7dd35dbf33c5e5","Article","Final","All Open Access; Gold Open Access","Scopus","2-s2.0-85180674387"
"De Castro Santana D.; Paulo J.B.A.; Pitanga R.; Lima R.F.S.; Brandão P.R.G.","De Castro Santana, Dulcinéia (22034508900); Paulo, J.B.A. (8377417900); Pitanga, R. (22036533800); Lima, R.F.S. (57224168578); Brandão, P.R.G. (7004037232)","22034508900; 8377417900; 22036533800; 57224168578; 7004037232","Heavy metals extraction from petroleum industry wastewater using brasilian vegetable oils","2006","CHISA 2006 - 17th International Congress of Chemical and Process Engineering","","","","","","1","0","","https://www.scopus.com/inward/record.uri?eid=2-s2.0-34748859732&partnerID=40&md5=ffbc22271b1950bace461d73d24a80f2","Conference paper","Final","","Scopus","2-s2.0-34748859732"
"de Lima F.M.; de Andrade Borges T.; Braga R.M.; de Araújo Melo D.M.; Martinelli A.E.","de Lima, Flávia Melo (57201504673); de Andrade Borges, Talitha (57201499932); Braga, Renata Martins (55210068400); de Araújo Melo, Dulce Maria (9841064200); Martinelli, Antônio Eduardo (7101638022)","57201504673; 57201499932; 55210068400; 9841064200; 7101638022","Sulfur removal from model fuel by Zn impregnated retorted shale and with assistance of design of experiments","2018","Environmental Science and Pollution Research","25","14","","13760","13774","14","11","10.1007/s11356-018-1504-6","https://www.scopus.com/inward/record.uri?eid=2-s2.0-85045137288&doi=10.1007%2fs11356-018-1504-6&partnerID=40&md5=9803e2e2edacdb1fc73b2886e124ad5e","Article","Final","","Scopus","2-s2.0-85045137288"
"Cordeiro E.M.S.; Nunes Y.L.; Mattos A.L.A.; Rosa M.F.; Filho M.D.S.M.S.; Ito E.N.","Cordeiro, Edna M. S. (56383653100); Nunes, Yana L. (56383683300); Mattos, Adriano L. A. (56383538000); Rosa, Morsyleide F. (57216640276); Filho, Men De Sá M. Sousa (56123099500); Ito, Edson N. (15131508800)","56383653100; 56383683300; 56383538000; 57216640276; 56123099500; 15131508800","Polymer biocomposites and nanobiocomposites obtained from mango seeds","2014","Macromolecular Symposia","344","1","","39","54","15","31","10.1002/masy.201300217","https://www.scopus.com/inward/record.uri?eid=2-s2.0-84907932759&doi=10.1002%2fmasy.201300217&partnerID=40&md5=7304423903eb3547183c8c306e293a18","Article","Final","All Open Access; Green Open Access","Scopus","2-s2.0-84907932759"
"da Silva S.S.; Chiavone-Filho O.; de Barros Neto E.L.; Nascimento C.A.O.","da Silva, Syllos S. (54786309500); Chiavone-Filho, Osvaldo (6601905641); de Barros Neto, Eduardo L. (6508113602); Nascimento, Claudio A.O. (7005511944)","54786309500; 6601905641; 6508113602; 7005511944","Integration of processes induced air flotation and photo-Fenton for treatment of residual waters contaminated with xylene","2012","Journal of Hazardous Materials","199-200","","","151","157","6","31","10.1016/j.jhazmat.2011.10.070","https://www.scopus.com/inward/record.uri?eid=2-s2.0-83955163718&doi=10.1016%2fj.jhazmat.2011.10.070&partnerID=40&md5=3595a27d03334236f49f3b94ee451038","Article","Final","","Scopus","2-s2.0-83955163718"
"Lacerda L.M.; Nunes A.O.; de Paiva J.M.F.; da Silva Moris V.A.","Lacerda, Leornardo de Moura (57212514643); Nunes, Andréa Oliveira (57202775827); de Paiva, Jane Maria Faulstich (9273432500); da Silva Moris, Virgínia Aparecida (35611509900)","57212514643; 57202775827; 9273432500; 35611509900","Evaluation of environmental impacts of an industrial process using virgin and recycled polycarbonate raw material; [Avaliação dos impactos ambientais de um processo industrial utilizando como matéria-prima policarbonatos virgem e reciclado]","2019","Engenharia Sanitaria e Ambiental","24","6","","1103","1113","10","1","10.1590/s1413-41522019177627","https://www.scopus.com/inward/record.uri?eid=2-s2.0-85076885920&doi=10.1590%2fs1413-41522019177627&partnerID=40&md5=d28678ef6799ccfa19489a9ba7733671","Article","Final","All Open Access; Gold Open Access","Scopus","2-s2.0-85076885920"
"Brandaõ S.C.R.; Diniz G.F.G.; Da Silva J.H.F.; Da Silva E.S.; De Medeiros R.A.B.; Azoubel P.M.","Brandaõ, Shirley C. R. (57218123956); Diniz, Gabriel F. G. (57755447500); Da Silva, Joaõ H. F. (57219838046); Da Silva, Edilene S. (57217212979); De Medeiros, Rafael A. B. (57040850900); Azoubel, Patricia M. (35618113300)","57218123956; 57755447500; 57219838046; 57217212979; 57040850900; 35618113300","Ultrasound-Assisted Vacuum Drying of Melon: Influence on Kinetics, Water Activity and Color","2022","ACS Symposium Series","1415","","","127","136","9","1","10.1021/bk-2022-1415.ch009","https://www.scopus.com/inward/record.uri?eid=2-s2.0-85132444121&doi=10.1021%2fbk-2022-1415.ch009&partnerID=40&md5=83da52bac580ac735ebd7e378c2020ff","Book chapter","Final","","Scopus","2-s2.0-85132444121"
"Gouvinhas R.P.; Reyes T.; Naveiro R.M.; Perry N.; Filho E.R.","Gouvinhas, Reidson Pereira (6507459821); Reyes, Tatiana (54923209000); Naveiro, Ricardo Manfredi (7801614060); Perry, Nicolas (7102356868); Filho, Eduardo Romeiro (45661430700)","6507459821; 54923209000; 7801614060; 7102356868; 45661430700","A proposed framework of sustainable self-evaluation maturity within companies: an exploratory study","2016","International Journal on Interactive Design and Manufacturing","10","3","","319","327","8","16","10.1007/s12008-016-0322-7","https://www.scopus.com/inward/record.uri?eid=2-s2.0-84974777206&doi=10.1007%2fs12008-016-0322-7&partnerID=40&md5=dfe57be9aa07e0fdd065834b2c1681bb","Article","Final","","Scopus","2-s2.0-84974777206"
"Jerônimo C.E.D.M.; Fernandes H.G.; Sousa J.F.","Jerônimo, Carlos Enrique De Medeiros (55350503200); Fernandes, Hermano Gomes (55369150200); Sousa, João Fernandes (7102813000)","55350503200; 55369150200; 7102813000","Oily wastewater treatment for catalytic oxidation with K-MNO 2/CeO 2 ; [Tratamento de efluentes oleosos por oxidação catalítica com K-MnO 2/CeO 2 ]","2012","Periodico Tche Quimica","9","18","","13","20","7","1","","https://www.scopus.com/inward/record.uri?eid=2-s2.0-84866880349&partnerID=40&md5=4aea5f3f1344575dbaee11a19d88fad0","Article","Final","","Scopus","2-s2.0-84866880349"
"da Costa C.G.; Freire A.P.F.; Cunha M.C.F.; Araujo A.O.","da Costa, Cristiane Gomes (57225733207); Freire, Anna Paola Fernandes (37107456500); Cunha, Marília Caroline Freire (37107574600); Araujo, Aneide Oliveira (37107322100)","57225733207; 37107456500; 37107574600; 37107322100","Strategic cost management: A study in an ethanol production plant","2010","Custos e Agronegocio","6","2","","45","66","21","1","","https://www.scopus.com/inward/record.uri?eid=2-s2.0-79955377120&partnerID=40&md5=9c339473e67c4ed2187c7ee93f135c58","Article","Final","","Scopus","2-s2.0-79955377120"
"de Andrade E.W.V.; Hoskin R.T.; Dupont S.; Beney L.; Caon T.; da Silva Pedrini M.R.","de Andrade, Eduardo Wagner Vasconcelos (57417844400); Hoskin, Roberta Targino (57205204659); Dupont, Sébastien (26538521200); Beney, Laurent (6603620207); Caon, Thiago (16232182900); da Silva Pedrini, Márcia Regina (57183945100)","57417844400; 57205204659; 26538521200; 6603620207; 16232182900; 57183945100","Sonoprocessing coupled to spray drying as a novel strategy to encapsulate bioactive compounds from acerola pomace extract into Saccharomyces cerevisiae cells","2024","Systems Microbiology and Biomanufacturing","4","3","","1206","1216","10","0","10.1007/s43393-024-00248-w","https://www.scopus.com/inward/record.uri?eid=2-s2.0-85188297912&doi=10.1007%2fs43393-024-00248-w&partnerID=40&md5=5a8893f3b96de5faf831a5b156eaae20","Article","Final","","Scopus","2-s2.0-85188297912"
"Martínez-Huitle C.A.; Rodrigo M.A.; Sirés I.; Scialdone O.","Martínez-Huitle, Carlos A. (6507655813); Rodrigo, Manuel A. (34868498800); Sirés, Ignasi (6508022819); Scialdone, Onofrio (55900134000)","6507655813; 34868498800; 6508022819; 55900134000","Single and Coupled Electrochemical Processes and Reactors for the Abatement of Organic Water Pollutants: A Critical Review","2015","Chemical Reviews","115","24","","13362","13407","45","1337","10.1021/acs.chemrev.5b00361","https://www.scopus.com/inward/record.uri?eid=2-s2.0-84952342374&doi=10.1021%2facs.chemrev.5b00361&partnerID=40&md5=5374586fab74eff410a5eb97f124c272","Review","Final","","Scopus","2-s2.0-84952342374"
"Figueiredo F.F.","Figueiredo, Fábio Fonseca (54946888400)","54946888400","The development of material recycling industry in Brazil: Economic efforts or environmental benefits getting at the activity?; [O desenvolvimento da indústria da reciclagem dos materiais no brasil: Motivação econômica ou benefício ambiental conseguido com a atividade?]","2012","Scripta Nova","16","","","1","","","3","","https://www.scopus.com/inward/record.uri?eid=2-s2.0-84856539480&partnerID=40&md5=3680ec14fbca797de82b6db3f12f30b7","Article","Final","","Scopus","2-s2.0-84856539480"
"de Souza E.C.; Gomes J.P.S.; Pimenta A.S.; de Azevedo T.K.B.; Pereira A.K.S.; Gomes R.M.; Brito J.O.; Dias Júnior A.F.","de Souza, Elias Costa (57211678039); Gomes, João Paulo Silva (57920077500); Pimenta, Alexandre Santos (56228389300); de Azevedo, Tatiane Kelly Barbosa (36600290300); Pereira, Allana Katiussya Silva (57201443545); Gomes, Regina Maria (57218263617); Brito, José Otávio (7101605642); Dias Júnior, Ananias Francisco (57094157500)","57211678039; 57920077500; 56228389300; 36600290300; 57201443545; 57218263617; 7101605642; 57094157500","Briquette production as a sustainable alternative for waste management in the tannin extraction industry","2023","Environmental Science and Pollution Research","30","7","","18078","18090","12","5","10.1007/s11356-022-23490-y","https://www.scopus.com/inward/record.uri?eid=2-s2.0-85139511087&doi=10.1007%2fs11356-022-23490-y&partnerID=40&md5=d62714289478080c142a4a5080737b84","Article","Final","","Scopus","2-s2.0-85139511087"
"Santos I.; Nobre A.C.B.; Ibiapina J.C.; Oliveira P.R.M.; Carvalho Z.V.N.D.; Oliveira A.D.D.","Santos, Irani (57191837315); Nobre, Augusto Cesar Bezerra (57204771889); Ibiapina, Janayna Cruz (57204770259); Oliveira, Paulo Rogerio Martins (57204779216); Carvalho, Zulmara Virgi Nia De (57204774540); Oliveira, Alvaro Duarte De (14833180100)","57191837315; 57204771889; 57204770259; 57204779216; 57204774540; 14833180100","Strategies and Methodologies for Civic Engagement and Social Empowerment","2018","2017 IEEE 1st Summer School on Smart Cities, S3C 2017 - Proceedings","","","8501396","157","160","3","4","10.1109/S3C.2017.8501396","https://www.scopus.com/inward/record.uri?eid=2-s2.0-85057136513&doi=10.1109%2fS3C.2017.8501396&partnerID=40&md5=b705049abf74d1bfa4503ef53e396cdf","Conference paper","Final","","Scopus","2-s2.0-85057136513"
"Silva J.D.J.; Ingunza M.D.P.D.; Albuquerque L.F.; de Souza P.A.B.F.; de Medeiros L.G.G.","Silva, José Daniel Jales (57363917600); Ingunza, María del Pilar Durante (55620623000); Albuquerque, Liana Filgueira (57364404800); de Souza, Paulo Alysson Brilhante Faheina (57364271800); de Medeiros, Luiza Gabriela Galvão (57364780600)","57363917600; 55620623000; 57364404800; 57364271800; 57364780600","Use of treated sludge from cleaning products industry in cementitious matrices; [Utilização de lodo tratado de indústria de produtos de limpeza em matrizes cimentícias]","2021","Revista Materia","26","3","e13040","","","","0","10.1590/S1517-707620210003.13040","https://www.scopus.com/inward/record.uri?eid=2-s2.0-85120718390&doi=10.1590%2fS1517-707620210003.13040&partnerID=40&md5=13c259cf1d1cdcb87d75041c96555388","Article","Final","All Open Access; Gold Open Access; Green Open Access","Scopus","2-s2.0-85120718390"
"Martínez-Huitle C.A.; Andrade L.S.","Martínez-Huitle, Carlos A. (6507655813); Andrade, Leonardo S. (8272117400)","6507655813; 8272117400","Electrocatalysis in wastewater treatment: Recent mechanism advances","2011","Quimica Nova","34","5","","850","858","8","109","10.1590/S0100-40422011000500021","https://www.scopus.com/inward/record.uri?eid=2-s2.0-79961003276&doi=10.1590%2fS0100-40422011000500021&partnerID=40&md5=fa569a3ed99260cd56a4d53945260c66","Article","Final","All Open Access; Gold Open Access; Green Open Access","Scopus","2-s2.0-79961003276"
"de Araújo A.N.B.; Queiroz J.V.; de Morais A.V.; Lima J.C.F.; Nascimento L.L.L.","de Araújo, Arthur Nóbrega Baptista (57125649800); Queiroz, Jamerson Viegas (55556605200); de Morais, Adriano Varella (57125805400); Lima, João Cardim Ferreira (57034742100); Nascimento, Luan Lyon Lopes (57125671700)","57125649800; 55556605200; 57125805400; 57034742100; 57125671700","Ecodesign in the handmade production: The green carpet; [Ecodesign na Produção Artesanal: O Ecotapete]","2016","Espacios","37","1","","10","","","0","","https://www.scopus.com/inward/record.uri?eid=2-s2.0-84958530633&partnerID=40&md5=59a691c755f11bba9a77cf5b2aa9547d","Article","Final","","Scopus","2-s2.0-84958530633"
"Brillas E.; Martínez-Huitle C.A.","Brillas, Enric (7005314628); Martínez-Huitle, Carlos A. (6507655813)","7005314628; 6507655813","Decontamination of wastewaters containing synthetic organic dyes by electrochemical methods. An updated review","2015","Applied Catalysis B: Environmental","166-167","","","603","643","40","1774","10.1016/j.apcatb.2014.11.016","https://www.scopus.com/inward/record.uri?eid=2-s2.0-84920932709&doi=10.1016%2fj.apcatb.2014.11.016&partnerID=40&md5=8639bf1c7c0cb539a65b584a2d9ad329","Review","Final","","Scopus","2-s2.0-84920932709"
"Costa G.J.; Gouvinhas R.P.","Costa, G.J. (57193277903); Gouvinhas, R.P. (6507459821)","57193277903; 6507459821","Ecodesign Strategies and the product development process within Northeast SME Brazilian companies","2003","Proceedings of the International Conference on Engineering Design, ICED","DS 31","","","","","","2","","https://www.scopus.com/inward/record.uri?eid=2-s2.0-85012298541&partnerID=40&md5=a05cda17476d2cb167483b7c8fd5b6c6","Conference paper","Final","","Scopus","2-s2.0-85012298541"
"Firmino H.C.T.; Nascimento E.P.; Araujo R.N.; Loureiro F.J.A.; Neves G.A.; Morales M.A.; Menezes R.R.","Firmino, Hellen C.T. (57193701287); Nascimento, Emanuel P. (56272816300); Araujo, Rondinele N. (57211423404); Loureiro, Francisco J.A. (57194491505); Neves, Gelmires A. (57231264800); Morales, Marco A. (7202590326); Menezes, Romualdo R. (21741537700)","57193701287; 56272816300; 57211423404; 57194491505; 57231264800; 7202590326; 21741537700","Nickel ferrite/TiO2Nanofibrous Composite: Enhanced Photocatalytic Dye Degradation Under Visible Light","2024","Materials Research","27","","","e20230391","","","1","10.1590/1980-5373-MR-2023-0391","https://www.scopus.com/inward/record.uri?eid=2-s2.0-85184991400&doi=10.1590%2f1980-5373-MR-2023-0391&partnerID=40&md5=b82867e893adb3a3f85d170708cceee5","Article","Final","All Open Access; Gold Open Access","Scopus","2-s2.0-85184991400"
"Souza M.M.; Anjos M.A.S.; Araújo A.L.C.; Soares A.V.O.; Souza P.C.A.","Souza, Maelson Mendonça De (57214989451); Anjos, Marcos Alyssandro Soares Dos (51565394700); Araújo, André Luis Calado (56324992200); Soares, Amanda Virgínia De Oliveira (57216503128); Souza, Pedro Canísio Azevedo De (57216504702)","57214989451; 51565394700; 56324992200; 57216503128; 57216504702","Use of sewage sludge in the production of light aggregates: A systematic review of literature; [Uso do lodo de esgoto na produção de agregados leves: Uma revisão sistemática de literatura]","2020","Revista Materia","25","1","e-12596","","","","4","10.1590/s1517-707620200001.0922","https://www.scopus.com/inward/record.uri?eid=2-s2.0-85083701978&doi=10.1590%2fs1517-707620200001.0922&partnerID=40&md5=e84b57cd729f6f9c8b439a507da7ecca","Article","Final","All Open Access; Gold Open Access","Scopus","2-s2.0-85083701978"
"Mascarenhas A.R.P.; Sccoti M.S.V.; de MELO R.R.; Corrêa F.L.O.; de SOUZA E.F.M.; Pimenta A.S.","Mascarenhas, Adriano Reis Prazeres (57218893641); Sccoti, Marta Silvana Volpato (52564461000); de MELO, Rafael Rodolfo (17345066800); Corrêa, Fernando Luíz de Oliveira (57219778185); de SOUZA, Emanuel Fernando Maia (23396887200); Pimenta, Alexandre Santos (56228389300)","57218893641; 52564461000; 17345066800; 57219778185; 23396887200; 56228389300","Physico-mechanical properties of the wood of freijó, cordia goeldiana (Boraginacea), produced in a multi-stratified agroforestry system in the southwestern amazon; [Propriedades físico-mecânicas da madeira de freijó, cordia goeldiana (Boraginacea), produzida em sistema agroflorestal multiestratificado no sudoeste da amazônia]","2021","Acta Amazonica","51","2","","171","180","9","6","10.1590/1809-4392202003001","https://www.scopus.com/inward/record.uri?eid=2-s2.0-85107181103&doi=10.1590%2f1809-4392202003001&partnerID=40&md5=e64083b380b33e11d4a924c567a928d9","Article","Final","All Open Access; Gold Open Access","Scopus","2-s2.0-85107181103"
"Bezerra P.R.C.; Vieira M.M.; de Rezende J.F.D.","Bezerra, Paulo Ricardo Cosme (57210321402); Vieira, Marcela Marques (15062006400); de Rezende, Júlio Francisco Dantas (57210317842)","57210321402; 15062006400; 57210317842","Measurement of the eco-efficiency of small business in the supply chain oil and gas, applying the taxonomy CE7","2019","Acta Scientiarum - Technology","41","1","e37730","","","","2","10.4025/actascitechnol.v41i1.37730","https://www.scopus.com/inward/record.uri?eid=2-s2.0-85070268920&doi=10.4025%2factascitechnol.v41i1.37730&partnerID=40&md5=5b07e596cb67cef16052dc4cac338f6c","Article","Final","All Open Access; Gold Open Access","Scopus","2-s2.0-85070268920"
"dos Santos A.T.; Guerra G.C.B.; Marques J.I.; Torres-Rêgo M.; Alves J.S.F.; Vasconcelos R.C.; de Souza Araújo D.F.; Abreu L.S.; de Carvalho T.G.; de Araújo D.R.C.; Tavares J.F.; de Araújo A.A.; de Araújo Júnior R.F.; de Freitas Fernandes-Pedrosa M.; de Santis Ferreira L.; Zucolotto S.M.","dos Santos, Ariane Teixeira (57219128326); Guerra, Gerlane Coelho Bernardo (55971616000); Marques, José Ivan (57200945397); Torres-Rêgo, Manoela (56242523000); Alves, Jovelina Samara Ferreira (57195680068); Vasconcelos, Roseane Carvalho (42862380400); de Souza Araújo, Daline Fernandes (59158019600); Abreu, Lucas Silva (57193359428); de Carvalho, Thaís Gomes (57192249008); de Araújo, Daniel Rodrigo Cavalcante (57201132349); Tavares, Josean Fechine (14052955400); de Araújo, Aurigena Antunes (37022977400); de Araújo Júnior, Raimundo Fernandes (30867511400); de Freitas Fernandes-Pedrosa, Matheus (8325973700); de Santis Ferreira, Leandro (57194405914); Zucolotto, Silvana Maria (13807995500)","57219128326; 55971616000; 57200945397; 56242523000; 57195680068; 42862380400; 59158019600; 57193359428; 57192249008; 57201132349; 14052955400; 37022977400; 30867511400; 8325973700; 57194405914; 13807995500","Potentialities of Cashew Nut (Anacardium occidentale) By-Product for Pharmaceutical Applications: Extraction and Purification Technologies, Safety, and Anti-inflammatory and Anti-arthritis Activities","2020","Revista Brasileira de Farmacognosia","30","5","","652","666","14","6","10.1007/s43450-020-00090-w","https://www.scopus.com/inward/record.uri?eid=2-s2.0-85091380536&doi=10.1007%2fs43450-020-00090-w&partnerID=40&md5=7de6ceb0594889f60a0b6e126edab3ee","Article","Final","","Scopus","2-s2.0-85091380536"
"Fernandes T.L.X.; Trovão C.J.B.M.; da Silva Alves J.; Fornazier A.; da Cruz A.A.","Fernandes, Tito Lívio Xavier (59231407700); Trovão, Cassiano José Bezerra Marques (56132960200); da Silva Alves, Janaina (57217985249); Fornazier, Armando (55350907400); da Cruz, Alice Aloísia (57793622300)","59231407700; 56132960200; 57217985249; 55350907400; 57793622300","Determinants of employment maintenance in times of Industry 4.0: the case of agriculture in Brazil; [Determinantes da manutenção do emprego em tempos de Indústria 4.0: o caso da agropecuária no Brasil]","2024","Revista de Economia e Sociologia Rural","62","4","e274589","","","","0","10.1590/1806-9479.2023.274589","https://www.scopus.com/inward/record.uri?eid=2-s2.0-85199380623&doi=10.1590%2f1806-9479.2023.274589&partnerID=40&md5=b44c063a6cecf6c8a98bf7a5a5d5652a","Article","Final","All Open Access; Gold Open Access","Scopus","2-s2.0-85199380623"
"Diniz Melo J.D.; Dos Santos E.A.","Diniz Melo, Jos Daniel (7102892532); Dos Santos, Eylisson Andr (35112870000)","7102892532; 35112870000","Mechanical and microstructural evaluation of polymer matrix composites filled with recycled industrial waste","2009","Journal of Reinforced Plastics and Composites","28","20","","2459","2471","12","10","10.1177/0731684408092376","https://www.scopus.com/inward/record.uri?eid=2-s2.0-70350090867&doi=10.1177%2f0731684408092376&partnerID=40&md5=9d237601f0ea06cd168c90961576e659","Article","Final","","Scopus","2-s2.0-70350090867"
"Albuquerque T.L.D.; Da Silva I.J., Jr.; De MacEdo G.R.; Rocha M.V.P.","Albuquerque, Tiago Lima De (36132956200); Da Silva, Ivanildo José (24332832700); De MacEdo, Gorete Ribeiro (6506831565); Rocha, Maria Valderez Ponte (15080896200)","36132956200; 24332832700; 6506831565; 15080896200","Biotechnological production of xylitol from lignocellulosic wastes: A review","2014","Process Biochemistry","49","11","","1779","1789","10","172","10.1016/j.procbio.2014.07.010","https://www.scopus.com/inward/record.uri?eid=2-s2.0-84908272295&doi=10.1016%2fj.procbio.2014.07.010&partnerID=40&md5=4b093a4b8b333920eb99bce595df0ae5","Review","Final","","Scopus","2-s2.0-84908272295"
"Duarte Silva P.C.; Perez Teixeira R.L.; de Araújo Brito M.L.","Duarte Silva, Priscilla Chantal (57193381258); Perez Teixeira, Ricardo Luiz (57945222600); de Araújo Brito, Max Leandro (56937975300)","57193381258; 57945222600; 56937975300","GREEN MARKETING IN COSMETICS COMPANIES ADVERTISING CAMPAIGNS: AN ANALYTICAL AND LINGUISTIC APPROACH TO THE METAPHORIZATION OF GREEN; [ATUAÇÃO DO MARKETING VERDE EM CAMPANHAS PUBLICITÁRIAS DE EMPRESAS DE COSMÉTICOS: UMA ABORDAGEM ANALÍTICA E LINGUÍSTICA DA METAFORIZAÇÃO DO VERDE]","2022","Revista de Gestao Social e Ambiental","16","2","e02996","","","","5","10.24857/rgsa.v16n2-022","https://www.scopus.com/inward/record.uri?eid=2-s2.0-85140721058&doi=10.24857%2frgsa.v16n2-022&partnerID=40&md5=bda0ce59363e020b88fd7743d58ed3fa","Article","Final","All Open Access; Hybrid Gold Open Access","Scopus","2-s2.0-85140721058"
"da Silva Junior C.J.G.; de Amorim J.D.P.; de Medeiros A.D.M.; de Holanda Cavalcanti A.K.L.; Do Nascimento H.A.; Henrique M.A.; Do Nascimento Maranhão L.J.C.; Vinhas G.M.; de Oliveira Souto Silva K.K.; de Santana Costa A.F.; Sarubbo L.A.","da Silva Junior, Claudio José Galdino (57232866400); de Amorim, Julia Didier Pedrosa (57202075058); de Medeiros, Alexandre D’Lamare Maia (57222388987); de Holanda Cavalcanti, Anantcha Karla Lafaiete (57681948200); Do Nascimento, Helenise Almeida (57222391504); Henrique, Mariana Alves (57192301017); Do Nascimento Maranhão, Leonardo José Costa (57682502900); Vinhas, Glória Maria (6507984388); de Oliveira Souto Silva, Késia Karina (57212544539); de Santana Costa, Andréa Fernanda (57657129000); Sarubbo, Leonie Asfora (6506290276)","57232866400; 57202075058; 57222388987; 57681948200; 57222391504; 57192301017; 57682502900; 6507984388; 57212544539; 57657129000; 6506290276","Design of a Naturally Dyed and Waterproof Biotechnological Leather from Reconstituted Cellulose","2022","Journal of Functional Biomaterials","13","2","49","","","","8","10.3390/jfb13020049","https://www.scopus.com/inward/record.uri?eid=2-s2.0-85129978778&doi=10.3390%2fjfb13020049&partnerID=40&md5=08ce53118954045a42205c068ec0767a","Article","Final","All Open Access; Gold Open Access; Green Open Access","Scopus","2-s2.0-85129978778"
"Costa R.M.; Bezerra I.W.L.; Torres K.G.; Pereira G.S.; de Souza A.M.; Oliveira A.G.","Costa, Raiane Medeiros (57216415601); Bezerra, Ingrid Wilza Leal (57213507565); Torres, Karina Gomes (57216413650); Pereira, Gabriela Santana (57216418393); de Souza, Anissa Melo (57219395585); Oliveira, Antonio Gouveia (36796012600)","57216415601; 57213507565; 57216413650; 57216418393; 57219395585; 36796012600","Participation in a food assistance program and excessive weight gain: an evaluation of the Brazilian Worker’s Food Program in male and female manufacturing workers","2022","BMC Public Health","22","1","1125","","","","0","10.1186/s12889-022-13447-8","https://www.scopus.com/inward/record.uri?eid=2-s2.0-85131637859&doi=10.1186%2fs12889-022-13447-8&partnerID=40&md5=a70a3f4c646b8c347fdc8b945d8bcb32","Article","Final","All Open Access; Gold Open Access; Green Open Access","Scopus","2-s2.0-85131637859"
"Galvão E.R.V.P.; Rodrigues M.A.F.; Barillas J.L.M.; Dutra Jr. T.V.; De Mata W.","Galvão, Edney R. V. P. (35145785000); Rodrigues, Marcos A. F. (35146691800); Barillas, Jennys L. M. (15063842200); Dutra Jr., Tarcilio V. (15724734000); De Mata, Wilson (35757305700)","35145785000; 35146691800; 15063842200; 15724734000; 35757305700","Optimization of steam and solvent injection as an improved oil recovery method for heavy oil reservoirs","2009","Computer Aided Chemical Engineering","27","C","","1863","1868","5","8","10.1016/S1570-7946(09)70701-1","https://www.scopus.com/inward/record.uri?eid=2-s2.0-77649289403&doi=10.1016%2fS1570-7946%2809%2970701-1&partnerID=40&md5=e47174758375e58b8c50b9612f9481dd","Conference paper","Final","","Scopus","2-s2.0-77649289403"
"Rodríguez-Narváez O.M.; Picos A.R.; Bravo-Yumi N.; Pacheco-Alvarez M.; Martínez-Huitle C.A.; Peralta-Hernández J.M.","Rodríguez-Narváez, Oscar M. (57194160545); Picos, Alain R. (57217424464); Bravo-Yumi, Nelson (57204874306); Pacheco-Alvarez, Martín (57204967463); Martínez-Huitle, Carlos A. (6507655813); Peralta-Hernández, Juan M. (12804972700)","57194160545; 57217424464; 57204874306; 57204967463; 6507655813; 12804972700","Electrochemical oxidation technology to treat textile wastewaters","2021","Current Opinion in Electrochemistry","29","","100806","","","","96","10.1016/j.coelec.2021.100806","https://www.scopus.com/inward/record.uri?eid=2-s2.0-85112487433&doi=10.1016%2fj.coelec.2021.100806&partnerID=40&md5=f212357b7b0cfbec5dc9cd71510bb8f4","Review","Final","","Scopus","2-s2.0-85112487433"
"Holanda T.M.V.; de Oliveira J.C.A.; Moreira S.M.G.; Rodrigues V.M.; Dantas M.R.D.N.; Xavier Júnior F.H.; Gomes A.P.B.; Ferreira L.D.S.; de Assis C.F.; de Sousa Júnior F.C.","Holanda, Tatiana M. V. (58771994000); de Oliveira, Judson C. A. (59001509500); Moreira, Susana M. G. (35741281600); Rodrigues, Victor M. (57221219500); Dantas, Marina R. do Nascimento (58516705700); Xavier Júnior, Francisco H. (16177055000); Gomes, Ana P. B. (15919281700); Ferreira, Leandro de S. (57194405914); de Assis, Cristiane F. (35603234700); de Sousa Júnior, Francisco C. (35797166000)","58771994000; 59001509500; 35741281600; 57221219500; 58516705700; 16177055000; 15919281700; 57194405914; 35603234700; 35797166000","Ouratea sp. and Virola surinamensis seed fats as new sources of lipids: Composition, physicochemical characterization, bioactive potential, and cytotoxicity","2024","European Journal of Lipid Science and Technology","126","7","2300232","","","","0","10.1002/ejlt.202300232","https://www.scopus.com/inward/record.uri?eid=2-s2.0-85191301773&doi=10.1002%2fejlt.202300232&partnerID=40&md5=5fbbe1a28f09d1d7fe51ef878d9d5ece","Article","Final","","Scopus","2-s2.0-85191301773"
"Outeiro L.; Byron C.; Angelini R.","Outeiro, Luis (9735615700); Byron, Carrie (23501252100); Angelini, Ronaldo (56249804800)","9735615700; 23501252100; 56249804800","Ecosystem maturity as a proxy of mussel aquaculture carrying capacity in Ria de Arousa (NW Spain): A food web modeling perspective","2018","Aquaculture","496","","","270","284","14","30","10.1016/j.aquaculture.2018.06.043","https://www.scopus.com/inward/record.uri?eid=2-s2.0-85050082135&doi=10.1016%2fj.aquaculture.2018.06.043&partnerID=40&md5=ef06dcdd71392eb7e1f81ea9214db0f4","Article","Final","","Scopus","2-s2.0-85050082135"
"de Oliveira Paula E.A.; de Melo R.R.; Pedrosa T.D.; de Albuquerque F.B.; da Silva F.M.; Pimenta A.S.","de Oliveira Paula, Edgley Alves (57225067723); de Melo, Rafael Rodolfo (17345066800); Pedrosa, Talita Dantas (56331181400); de Albuquerque, Felipe Bento (58109777100); da Silva, Fernanda Monique (58536042700); Pimenta, Alexandre Santos (56228389300)","57225067723; 17345066800; 56331181400; 58109777100; 58536042700; 56228389300","Potential of Non-wood Fibers as Sustainable Reinforcements for Polymeric Composites—A Review","2023","Environmental Footprints and Eco-Design of Products and Processes","Part F1202","","","123","150","27","1","10.1007/978-981-99-2846-0_6","https://www.scopus.com/inward/record.uri?eid=2-s2.0-85167895264&doi=10.1007%2f978-981-99-2846-0_6&partnerID=40&md5=cb59dce18382951ac3659f8d48b57eff","Book chapter","Final","","Scopus","2-s2.0-85167895264"
"Medeiros I.U.D.; Aquino J.S.; Cavalcanti N.S.H.; Campos A.R.N.; Cordeiro A.M.T.M.; Damasceno K.S.F.S.C.; Hoskin R.T.","Medeiros, Igor Ucella Dantas de (55433059500); Aquino, Jailane de Souza (55576888700); Cavalcanti, Natália Sufiatti de Holanda (57212586592); Campos, Ana Regina Nascimento (11239771800); Cordeiro, Angela Maria Tribuzy de Magalhães (54408226900); Damasceno, Karla Suzanne Florentino da Silva Chaves (57212582570); Hoskin, Roberta Targino (57205204659)","55433059500; 55576888700; 57212586592; 11239771800; 54408226900; 57212582570; 57205204659","Characterization and functionality of fibre-rich pomaces from the tropical fruit pulp industry","2020","British Food Journal","122","3","","813","826","13","13","10.1108/BFJ-07-2019-0507","https://www.scopus.com/inward/record.uri?eid=2-s2.0-85077143099&doi=10.1108%2fBFJ-07-2019-0507&partnerID=40&md5=6811d34a3679247edd0650fa99049e87","Article","Final","All Open Access; Green Open Access","Scopus","2-s2.0-85077143099"
"Meirelles M.Q.B.; Lopes A.K.B.; Lima K.C.","Meirelles, Maria Quitéria Batista (57193457546); Lopes, Ana Karla Bezerra (57193455433); Lima, Kenio Costa (6701745564)","57193457546; 57193455433; 6701745564","HIV/AIDS surveillance among pregnant women: Assessing the quality of theavailable information; [Vigilância epidemiológica de HIV/Aids em gestantes: Uma avaliação acerca da qualidade da informação disponível]","2016","Revista Panamericana de Salud Publica/Pan American Journal of Public Health","40","6","","427","434","7","9","","https://www.scopus.com/inward/record.uri?eid=2-s2.0-85014062932&partnerID=40&md5=b88499e19a35c1af3698640730c0a3a5","Article","Final","","Scopus","2-s2.0-85014062932"
"Alves A.; Moreira F.; Abreu F.; Colombo C.","Alves, Anabela (55486406700); Moreira, Francisco (56644022900); Abreu, Florentina (57385685700); Colombo, Ciliana (56727656200)","55486406700; 56644022900; 57385685700; 56727656200","Sustainability, Lean and Eco-Efficiency Symbioses","2016","Innovation, Technology and Knowledge Management","","","","91","112","21","18","10.1007/978-3-319-29677-7_7","https://www.scopus.com/inward/record.uri?eid=2-s2.0-85121716050&doi=10.1007%2f978-3-319-29677-7_7&partnerID=40&md5=b77be809bd43ce4883e277e06758e725","Book chapter","Final","","Scopus","2-s2.0-85121716050"
"Semente R.S.; Oliveira F.D.M.; Lock A.S.; Melo T.A.C.; Junior S.N.; Salazar A.O.","Semente, R.S. (56105065700); Oliveira, F.D.M. (56105199700); Lock, A.S. (14834340200); Melo, T.A.C. (56315609700); Junior, S.N. (59050122300); Salazar, A.O. (7102422753)","56105065700; 56105199700; 14834340200; 56315609700; 59050122300; 7102422753","Energy-efficient WSN systems","2015","Smart Sensors, Measurement and Instrumentation","11","","","111","132","21","2","10.1007/978-3-319-10948-0_6","https://www.scopus.com/inward/record.uri?eid=2-s2.0-84947132829&doi=10.1007%2f978-3-319-10948-0_6&partnerID=40&md5=159cbba32d9e398e3004de4cf4222824","Book chapter","Final","","Scopus","2-s2.0-84947132829"
"Lopes P.F.M.; Cousido-Rocha M.; Silva M.R.O.; Carneiro C.C.; Pezzuti J.C.B.; Martins E.G.; De Paula E.M.S.; Pennino M.G.","Lopes, Priscila F.M. (56468837900); Cousido-Rocha, Marta (57205676776); Silva, Monalisa R.O. (57211848133); Carneiro, Cristiane C. (58709341400); Pezzuti, Juarez C.B. (29567529100); Martins, Eduardo G. (56256902600); De Paula, Eder M.S. (57759237600); Pennino, Maria G. (40762087900)","56468837900; 57205676776; 57211848133; 58709341400; 29567529100; 56256902600; 57759237600; 40762087900","Droughts and controlled rivers: How Belo Monte Dam has affected the food security of Amazonian riverine communities","2024","Environmental Conservation","51","1","","27","35","8","1","10.1017/S0376892923000358","https://www.scopus.com/inward/record.uri?eid=2-s2.0-85181251239&doi=10.1017%2fS0376892923000358&partnerID=40&md5=88429dfc34cbde5decbc91ec6bf2caf2","Article","Final","All Open Access; Bronze Open Access","Scopus","2-s2.0-85181251239"
"De Lima S.R.L.B.; Do Amaral V.S.; Navoni J.A.","De Lima, Sara Raquel Laurentino Barbosa (58671063300); Do Amaral, Viviane Souza (10145076000); Navoni, Julio Alejandro (54403687700)","58671063300; 10145076000; 54403687700","Logística reversa de medicamentos no Brasil: uma análise socioambiental","2023","Estudos Avancados","37","109","","159","177","18","0","10.1590/s0103-4014.2023.37109.011","https://www.scopus.com/inward/record.uri?eid=2-s2.0-85175250510&doi=10.1590%2fs0103-4014.2023.37109.011&partnerID=40&md5=a0f00918d63474f191e117fb76fd4b21","Article","Final","All Open Access; Gold Open Access","Scopus","2-s2.0-85175250510"
"Ferreira M.B.; Solano A.M.S.; dos Santos E.V.; Martínez-Huitle C.A.; Ganiyu S.O.","Ferreira, Maiara Barbosa (55391991400); Solano, Aline Maria Sales (37108699500); dos Santos, Elisama Vieira (57213395188); Martínez-Huitle, Carlos A. (6507655813); Ganiyu, Soliu O. (55853693900)","55391991400; 37108699500; 57213395188; 6507655813; 55853693900","Coupling of anodic oxidation and soil remediation processes: A review","2020","Materials","13","19","4309","1","24","23","20","10.3390/ma13194309","https://www.scopus.com/inward/record.uri?eid=2-s2.0-85093960694&doi=10.3390%2fma13194309&partnerID=40&md5=e442c6ce90e053cf9f718e821813a005","Review","Final","All Open Access; Gold Open Access; Green Open Access","Scopus","2-s2.0-85093960694"
"Felipe M.B.M.C.; Silva D.R.; Martinez-Huitle C.A.; Medeiros S.R.B.; Maciel M.A.M.","Felipe, M.B.M.C. (55770936700); Silva, D.R. (8342072100); Martinez-Huitle, C.A. (6507655813); Medeiros, S.R.B. (6506856664); Maciel, M.A.M. (7006697232)","55770936700; 8342072100; 6507655813; 6506856664; 7006697232","Effectiveness of Croton cajucara Benth on corrosion inhibition of carbon steel in saline medium","2013","Materials and Corrosion","64","6","","530","534","4","14","10.1002/maco.201206532","https://www.scopus.com/inward/record.uri?eid=2-s2.0-84879213634&doi=10.1002%2fmaco.201206532&partnerID=40&md5=cfd61a1718cbd649d43b1c8211c37204","Article","Final","","Scopus","2-s2.0-84879213634"
